rouge_f_1,rouge_f_L,rouge_f_2,rouge_r_1,rouge_r_2,rouge_r_L
0.4774364113055629,0.4314373358893575,0.4745759762675957,0.49247511414743644,0.4450575426622147,0.4895565404314038
